record.timestamp[s],record.position_lat[semicircles],record.position_long[semicircles],record.distance[m],record.altitude[m],record.speed[m/s],record.power[watts],record.heart_rate[bpm],record.cadence[rpm],record.enhanced_altitude[m],record.enhanced_speed[m/s],
"1102519155","486496768","-882470400","0.27","33.60000000000002","10.497","246","147","108","33.60000000000002","10.497",
"1102519156","486496640","-882469376","7.64","33.60000000000002","10.567","246","148","108","33.60000000000002","10.567",
"1102519157","486496448","-882467904","18.36","33.60000000000002","10.665","269","149","106","33.60000000000002","10.665",
"1102519158","486496224","-882466496","28.97","33.60000000000002","10.81","296","149","107","33.60000000000002","10.81",
"1102519159","486495808","-882464896","40.0","33.60000000000002","10.935","264","150","107","33.60000000000002","10.935",
"1102519160","486495232","-882463680","50.85","33.60000000000002","11.025","255","150","106","33.60000000000002","11.025",
"1102519161","486494400","-882462528","61.93","33.39999999999998","11.194","299","150","107","33.39999999999998","11.194",
"1102519162","486493408","-882461632","73.32","33.200000000000045","11.504","295","151","107","33.200000000000045","11.504",
"1102519163","486492224","-882460992","85.19","32.799999999999955","11.923","324","151","106","32.799999999999955","11.923",
"1102519164","486490944","-882460992","97.12","32.60000000000002","12.302","309","151","108","32.60000000000002","12.302",
"1102519165","486489632","-882461440","109.54","32.200000000000045","12.52","270","151","109","32.200000000000045","12.52",
"1102519166","486488288","-882461952","122.39","31.799999999999955","12.933","383","152","110","31.799999999999955","12.933",
"1102519167","486486944","-882462464","135.44","31.399999999999977","13.39","365","152","104","31.399999999999977","13.39",
"1102519168","486485536","-882462912","149.08","30.799999999999955","13.827","321","152","97","30.799999999999955","13.827",
"1102519169","486484064","-882463488","163.06","30.200000000000045","14.251","318","153","98","30.200000000000045","14.251",
"1102519170","486482560","-882463936","177.56","29.399999999999977","14.667","282","153","98","29.399999999999977","14.667",
"1102519171","486480992","-882464384","192.5","28.600000000000023","14.99","262","154","99","28.600000000000023","14.99",
"1102519172","486479392","-882464448","207.64","27.600000000000023","15.518","281","155","99","27.600000000000023","15.518",
"1102519173","486477696","-882464320","223.28","26.399999999999977","15.949","232","155","100","26.399999999999977","15.949",
"1102519174","486475968","-882463936","239.57","25.0","16.544","224","156","99","25.0","16.544",
"1102519175","486474144","-882463808","256.56","23.600000000000023","17.068","179","156","100","23.600000000000023","17.068",
"1102519176","486472320","-882464192","273.56","22.399999999999977","17.47","253","157","100","22.399999999999977","17.47",
"1102519177","486470688","-882465408","291.26","21.600000000000023","17.66","304","157","100","21.600000000000023","17.66",
"1102519178","486469376","-882467200","308.85","21.0","17.773","340","158","101","21.0","17.773",
"1102519179","486468288","-882469312","326.95","20.399999999999977","17.922","313","159","101","20.399999999999977","17.922",
"1102519180","486467328","-882471488","344.76","19.600000000000023","18.053","284","159","102","19.600000000000023","18.053",
"1102519181","486466336","-882473664","363.08","19.0","18.184","318","159","102","19.0","18.184",
"1102519182","486465280","-882475840","381.4","18.399999999999977","18.269","296","160","102","18.399999999999977","18.269",
"1102519183","486464096","-882477952","399.55","17.799999999999955","18.31","324","160","102","17.799999999999955","18.31",
"1102519184","486462784","-882479744","417.65","17.399999999999977","18.229","260","160","101","17.399999999999977","18.229",
"1102519185","486461280","-882481472","436.0","17.200000000000045","18.112","316","160","101","17.200000000000045","18.112",
"1102519186","486459712","-882483008","453.82","17.0","17.954","320","161","101","17.0","17.954",
"1102519187","486458144","-882484416","471.71","17.200000000000045","17.714","295","161","101","17.200000000000045","17.714",
"1102519188","486456480","-882485696","489.35","17.399999999999977","17.364","300","161","100","17.399999999999977","17.364",
"1102519189","486454816","-882486592","506.51","18.200000000000045","16.742","302","161","98","18.200000000000045","16.742",
"1102519190","486453120","-882487040","522.56","19.600000000000023","15.836","253","162","98","19.600000000000023","15.836",
"1102519191","486451424","-882487232","538.18","20.600000000000023","15.063","342","162","101","20.600000000000023","15.063",
"1102519192","486449856","-882486976","552.85","21.200000000000045","14.567","377","162","103","21.200000000000045","14.567",
"1102519193","486448352","-882486592","567.23","22.0","14.102","314","162","101","22.0","14.102",
"1102519194","486446880","-882486144","581.29","22.600000000000023","13.695","332","162","99","22.600000000000023","13.695",
"1102519195","486445472","-882485504","594.81","23.0","13.355","282","162","98","23.0","13.355",
"1102519196","486444192","-882484864","607.77","23.200000000000045","13.147","300","163","96","23.200000000000045","13.147",
"1102519197","486442880","-882484160","620.81","23.799999999999955","12.736","292","163","95","23.799999999999955","12.736",
"1102519198","486441600","-882483520","633.25","24.600000000000023","12.053","337","163","94","24.600000000000023","12.053",
"1102519199","486440416","-882483008","644.9","25.600000000000023","11.299","324","164","93","25.600000000000023","11.299",
"1102519200","486439232","-882482752","655.96","26.399999999999977","10.63","340","164","91","26.399999999999977","10.63",
"1102519201","486438144","-882482688","666.31","27.0","10.243","380","164","98","27.0","10.243",
"1102519202","486437056","-882482752","676.47","27.399999999999977","10.111","335","164","97","27.399999999999977","10.111",
"1102519203","486436000","-882483136","686.68","27.600000000000023","10.162","311","164","96","27.600000000000023","10.162",
"1102519204","486434976","-882483584","696.85","27.600000000000023","10.231","282","165","96","27.600000000000023","10.231",
"1102519205","486433952","-882484160","707.04","27.799999999999955","10.103","271","165","97","27.799999999999955","10.103",
"1102519206","486432928","-882484608","717.13","27.799999999999955","10.116","250","165","97","27.799999999999955","10.116",
"1102519207","486431904","-882485120","727.22","28.0","10.182","327","165","97","28.0","10.182",
"1102519208","486430912","-882485696","737.47","28.200000000000045","10.254","314","165","99","28.200000000000045","10.254",
"1102519209","486429856","-882486208","747.76","28.200000000000045","10.313","285","165","94","28.200000000000045","10.313",
"1102519210","486428864","-882486848","758.16","28.399999999999977","10.423","329","165","95","28.399999999999977","10.423",
"1102519211","486427904","-882487616","768.61","28.399999999999977","10.571","329","165","95","28.399999999999977","10.571",
"1102519212","486426944","-882488384","779.27","28.399999999999977","10.512","252","165","96","28.399999999999977","10.512",
"1102519213","486426048","-882489344","789.72","28.399999999999977","10.627","285","165","96","28.399999999999977","10.627",
"1102519214","486425216","-882490432","800.52","28.200000000000045","10.806","286","165","97","28.200000000000045","10.806",
"1102519215","486424512","-882491584","811.48","28.0","11.066","271","165","97","28.0","11.066",
"1102519216","486423776","-882492864","822.68","27.600000000000023","11.275","238","165","99","27.600000000000023","11.275",
"1102519217","486423072","-882494208","834.11","27.399999999999977","11.5","254","165","99","27.399999999999977","11.5",
"1102519218","486422400","-882495616","845.58","27.0","11.823","250","164","100","27.0","11.823",
"1102519219","486421760","-882497088","857.61","26.600000000000023","12.131","244","164","100","26.600000000000023","12.131",
"1102519220","486421024","-882498496","869.93","26.399999999999977","12.359","224","165","100","26.399999999999977","12.359",
"1102519221","486420320","-882499968","882.38","26.399999999999977","12.458","287","165","101","26.399999999999977","12.458",
"1102519222","486419552","-882501440","894.69","26.399999999999977","12.43","237","165","101","26.399999999999977","12.43",
"1102519223","486418624","-882502784","907.3","26.200000000000045","12.547","243","165","101","26.200000000000045","12.547",
"1102519224","486417728","-882504064","919.91","26.0","12.719","249","165","101","26.0","12.719",
"1102519225","486416704","-882505280","932.78","25.799999999999955","12.859","240","165","101","25.799999999999955","12.859",
"1102519226","486415584","-882506368","945.59","25.600000000000023","12.95","247","165","102","25.600000000000023","12.95",
"1102519227","486414400","-882507264","958.61","25.600000000000023","12.988","242","165","101","25.600000000000023","12.988",
"1102519228","486413152","-882508160","971.51","25.600000000000023","12.97","207","165","101","25.600000000000023","12.97",
"1102519229","486411904","-882508992","984.61","25.600000000000023","12.983","256","165","101","25.600000000000023","12.983",
"1102519230","486410656","-882509824","997.52","25.399999999999977","13.024","279","165","100","25.399999999999977","13.024",
"1102519231","486409440","-882510592","1010.54","25.399999999999977","13.067","261","166","101","25.399999999999977","13.067",
"1102519232","486408160","-882511424","1023.63","25.200000000000045","13.166","283","166","102","25.200000000000045","13.166",
"1102519233","486406880","-882512320","1036.85","24.799999999999955","13.388","264","166","102","24.799999999999955","13.388",
"1102519234","486405664","-882513344","1050.55","24.399999999999977","13.663","259","166","103","24.399999999999977","13.663",
"1102519235","486404512","-882514560","1064.04","24.399999999999977","13.507","206","166","102","24.399999999999977","13.507",
"1102519236","486403456","-882515776","1077.34","24.600000000000023","13.176","213","166","102","24.600000000000023","13.176",
"1102519237","486402464","-882517056","1090.37","24.799999999999955","13.019","278","166","102","24.799999999999955","13.019",
"1102519238","486401504","-882518464","1103.45","25.0","12.865","257","165","101","25.0","12.865",
"1102519239","486400608","-882519808","1116.17","25.200000000000045","12.759","237","165","101","25.200000000000045","12.759",
"1102519240","486399840","-882521280","1128.93","25.200000000000045","12.654","260","165","100","25.200000000000045","12.654",
"1102519241","486399360","-882523008","1141.57","25.200000000000045","12.545","274","165","99","25.200000000000045","12.545",
"1102519242","486399200","-882524736","1153.94","25.0","12.476","234","165","100","25.0","12.476",
"1102519243","486399328","-882526464","1166.55","24.799999999999955","12.454","233","165","100","24.799999999999955","12.454",
"1102519244","486399680","-882528192","1179.07","24.600000000000023","12.452","234","165","100","24.600000000000023","12.452",
"1102519245","486400224","-882529856","1191.54","24.399999999999977","12.485","257","165","100","24.399999999999977","12.485",
"1102519246","486400864","-882531264","1203.86","24.200000000000045","12.474","236","164","99","24.200000000000045","12.474",
"1102519247","486401568","-882532800","1216.38","24.0","12.455","234","164","100","24.0","12.455",
"1102519248","486402208","-882534400","1228.87","23.799999999999955","12.453","237","164","100","23.799999999999955","12.453",
"1102519249","486402880","-882535936","1241.39","23.600000000000023","12.462","242","164","100","23.600000000000023","12.462",
"1102519250","486403552","-882537472","1253.8","23.399999999999977","12.519","229","163","100","23.399999999999977","12.519",
"1102519251","486404096","-882539008","1266.37","23.200000000000045","12.587","227","163","99","23.200000000000045","12.587",
"1102519252","486404576","-882540736","1279.11","23.0","12.683","243","163","101","23.0","12.683",
"1102519253","486404800","-882542464","1291.65","22.600000000000023","12.853","284","163","101","22.600000000000023","12.853",
"1102519254","486404736","-882544320","1304.64","22.200000000000045","13.098","277","163","102","22.200000000000045","13.098",
"1102519255","486404512","-882546240","1318.12","21.600000000000023","13.494","287","162","103","21.600000000000023","13.494",
"1102519256","486404032","-882548032","1331.81","20.799999999999955","14.093","345","162","103","20.799999999999955","14.093",
"1102519257","486403104","-882549696","1346.25","20.200000000000045","14.513","298","162","101","20.200000000000045","14.513",
"1102519258","486402112","-882551232","1360.79","20.0","14.595","275","161","94","20.0","14.595",
"1102519259","486401120","-882552768","1375.13","20.0","14.504","248","161","94","20.0","14.504",
"1102519260","486399968","-882554304","1389.89","20.200000000000045","14.343","249","161","94","20.200000000000045","14.343",
"1102519261","486398880","-882555648","1404.0","20.200000000000045","14.063","229","161","93","20.200000000000045","14.063",
"1102519262","486397728","-882556928","1417.91","20.399999999999977","13.881","265","161","98","20.399999999999977","13.881",
"1102519263","486396544","-882558144","1431.77","20.600000000000023","13.705","249","161","103","20.600000000000023","13.705",
"1102519264","486395360","-882559232","1445.39","20.799999999999955","13.554","269","161","102","20.799999999999955","13.554",
"1102519265","486394144","-882560128","1458.67","21.0","13.268","294","161","102","21.0","13.268",
"1102519266","486392928","-882561152","1471.89","21.200000000000045","12.933","264","162","101","21.200000000000045","12.933",
"1102519267","486391744","-882561984","1484.63","21.399999999999977","12.616","264","162","100","21.399999999999977","12.616",
"1102519268","486390560","-882562752","1496.93","21.600000000000023","12.329","273","162","100","21.600000000000023","12.329",
"1102519269","486389312","-882563520","1509.29","21.799999999999955","12.019","235","163","98","21.799999999999955","12.019",
"1102519270","486388192","-882564224","1521.06","22.0","11.858","295","164","98","22.0","11.858",
"1102519271","486387040","-882565056","1533.02","22.200000000000045","11.754","359","164","98","22.200000000000045","11.754",
"1102519272","486385952","-882565760","1544.56","22.200000000000045","11.627","327","164","99","22.200000000000045","11.627",
"1102519273","486384800","-882566528","1556.22","22.399999999999977","11.583","292","165","99","22.399999999999977","11.583",
"1102519274","486383680","-882567232","1567.9","22.600000000000023","11.547","271","165","97","22.600000000000023","11.547",
"1102519275","486382592","-882567936","1579.39","22.600000000000023","11.547","262","166","98","22.600000000000023","11.547",
"1102519276","486381504","-882568704","1590.96","22.600000000000023","11.59","276","166","97","22.600000000000023","11.59",
"1102519277","486380320","-882569344","1602.64","22.799999999999955","11.663","276","166","97","22.799999999999955","11.663",
"1102519278","486379168","-882569984","1614.28","22.600000000000023","11.77","289","166","98","22.600000000000023","11.77",
"1102519279","486377984","-882570688","1626.19","22.600000000000023","11.874","262","166","97","22.600000000000023","11.874",
"1102519280","486376800","-882571328","1638.06","22.600000000000023","11.987","268","166","99","22.600000000000023","11.987",
"1102519281","486375648","-882572032","1650.05","22.399999999999977","12.1","268","166","99","22.399999999999977","12.1",
"1102519282","486374528","-882572864","1662.3","22.399999999999977","12.202","272","166","99","22.399999999999977","12.202",
"1102519283","486373472","-882573952","1674.57","22.399999999999977","12.317","250","166","99","22.399999999999977","12.317",
"1102519284","486372704","-882575424","1686.9","22.200000000000045","12.268","234","166","98","22.200000000000045","12.268",
"1102519285","486372032","-882576896","1699.11","22.200000000000045","12.321","270","166","100","22.200000000000045","12.321",
"1102519286","486371648","-882578496","1711.25","22.200000000000045","12.207","242","166","100","22.200000000000045","12.207",
"1102519287","486371616","-882580224","1723.62","22.0","12.287","256","166","99","22.0","12.287",
"1102519288","486371712","-882581952","1735.82","22.0","12.299","245","166","99","22.0","12.299",
"1102519289","486371968","-882583680","1748.04","21.799999999999955","12.243","248","166","98","21.799999999999955","12.243",
"1102519290","486372384","-882585344","1760.28","21.799999999999955","12.171","262","166","99","21.799999999999955","12.171",
"1102519291","486372832","-882586880","1772.56","21.799999999999955","12.187","250","166","99","21.799999999999955","12.187",
"1102519292","486373376","-882588544","1784.73","21.799999999999955","12.115","255","166","99","21.799999999999955","12.115",
"1102519293","486373984","-882590080","1796.84","21.799999999999955","12.085","262","166","99","21.799999999999955","12.085",
"1102519294","486374528","-882591552","1808.82","21.799999999999955","12.08","249","166","99","21.799999999999955","12.08",
"1102519295","486375168","-882593088","1821.0","21.799999999999955","12.005","241","166","98","21.799999999999955","12.005",
"1102519296","486375744","-882594560","1832.87","21.799999999999955","11.869","232","166","99","21.799999999999955","11.869",
"1102519297","486376384","-882595968","1844.62","21.799999999999955","11.802","285","165","98","21.799999999999955","11.802",
"1102519298","486377088","-882597376","1856.51","21.799999999999955","11.74","248","165","99","21.799999999999955","11.74",
"1102519299","486377760","-882598848","1868.31","21.799999999999955","11.733","251","165","99","21.799999999999955","11.733",
"1102519300","486378400","-882600192","1879.86","22.0","11.681","236","165","98","22.0","11.681",
"1102519301","486379168","-882601536","1891.53","22.0","11.681","305","164","98","22.0","11.681",
"1102519302","486380032","-882602752","1903.34","22.200000000000045","11.625","310","164","99","22.200000000000045","11.625",
"1102519303","486381088","-882603584","1914.78","22.399999999999977","11.433","293","164","99","22.399999999999977","11.433",
"1102519304","486382272","-882604032","1926.11","22.600000000000023","11.274","255","164","99","22.600000000000023","11.274",
"1102519305","486383456","-882603904","1937.33","22.200000000000045","11.473","264","164","97","22.200000000000045","11.473",
"1102519306","486384640","-882603264","1949.12","21.600000000000023","11.972","269","164","97","21.600000000000023","11.972",
"1102519307","486385760","-882602432","1961.26","21.0","12.386","265","164","98","21.0","12.386",
"1102519308","486386816","-882601344","1973.97","20.600000000000023","12.616","259","164","99","20.600000000000023","12.616",
"1102519309","486387808","-882600192","1986.53","20.399999999999977","12.691","254","165","100","20.399999999999977","12.691",
"1102519310","486388832","-882598912","1999.18","20.399999999999977","12.587","260","165","100","20.399999999999977","12.587",
"1102519311","486389824","-882597696","2011.64","20.600000000000023","12.319","259","165","102","20.600000000000023","12.319",
"1102519312","486390784","-882596608","2023.73","21.0","11.987","282","166","102","21.0","11.987",
"1102519313","486391776","-882595456","2035.77","21.399999999999977","11.634","324","166","101","21.399999999999977","11.634",
"1102519314","486392672","-882594432","2047.11","22.0","11.324","404","166","99","22.0","11.324",
"1102519315","486393600","-882593344","2058.29","22.399999999999977","11.155","529","166","98","22.399999999999977","11.155",
"1102519316","486394496","-882592384","2069.45","23.0","11.011","505","167","101","23.0","11.011",
"1102519317","486395456","-882591424","2080.44","23.600000000000023","10.877","482","167","101","23.600000000000023","10.877",
"1102519318","486396384","-882590656","2091.09","24.0","10.712","424","167","101","24.0","10.712",
"1102519319","486397280","-882589632","2101.75","24.600000000000023","10.516","383","168","101","24.600000000000023","10.516",
"1102519320","486398176","-882588800","2112.1","25.0","10.323","378","168","99","25.0","10.323",
"1102519321","486399136","-882588096","2122.26","25.799999999999955","9.901","360","168","99","25.799999999999955","9.901",
"1102519322","486400000","-882587328","2131.92","26.600000000000023","9.502","384","168","98","26.600000000000023","9.502",
"1102519323","486400928","-882586688","2141.36","27.200000000000045","9.209","444","169","96","27.200000000000045","9.209",
"1102519324","486401792","-882586048","2150.39","28.0","8.939","433","169","95","28.0","8.939",
"1102519325","486402592","-882585536","2159.16","28.600000000000023","8.715","439","169","93","28.600000000000023","8.715",
"1102519326","486403392","-882584896","2167.93","29.200000000000045","8.552","473","169","93","29.200000000000045","8.552",
"1102519327","486404192","-882584256","2176.34","29.799999999999955","8.425","479","170","93","29.799999999999955","8.425",
"1102519328","486404928","-882583680","2184.62","30.399999999999977","8.239","422","170","93","30.399999999999977","8.239",
"1102519329","486405696","-882583104","2192.77","31.0","8.04","406","170","92","31.0","8.04",
"1102519330","486406432","-882582528","2200.76","31.600000000000023","7.884","430","171","90","31.600000000000023","7.884",
"1102519331","486407168","-882581888","2208.55","32.200000000000045","7.744","406","171","91","32.200000000000045","7.744",
"1102519332","486407872","-882581312","2216.35","32.799999999999955","7.663","438","171","90","32.799999999999955","7.663",
"1102519333","486408576","-882580800","2223.91","33.200000000000045","7.566","411","172","90","33.200000000000045","7.566",
"1102519334","486409248","-882580224","2231.46","33.799999999999955","7.514","441","172","90","33.799999999999955","7.514",
"1102519335","486409920","-882579584","2238.95","34.39999999999998","7.436","413","173","89","34.39999999999998","7.436",
"1102519336","486410560","-882579072","2246.31","34.799999999999955","7.378","424","173","84","34.799999999999955","7.378",
"1102519337","486411200","-882578432","2253.7","35.39999999999998","7.286","394","173","80","35.39999999999998","7.286",
"1102519338","486411840","-882577856","2260.99","35.799999999999955","7.246","425","174","80","35.799999999999955","7.246",
"1102519339","486412480","-882577216","2268.23","36.39999999999998","7.239","452","174","80","36.39999999999998","7.239",
"1102519340","486413088","-882576640","2275.41","36.799999999999955","7.172","406","174","80","36.799999999999955","7.172",
"1102519341","486413664","-882575872","2282.54","37.39999999999998","7.095","401","174","80","37.39999999999998","7.095",
"1102519342","486414208","-882575232","2289.62","37.799999999999955","7.066","418","174","80","37.799999999999955","7.066",
"1102519343","486414752","-882574592","2296.69","38.39999999999998","7.084","428","174","79","38.39999999999998","7.084",
"1102519344","486415296","-882573888","2303.69","38.799999999999955","7.147","436","174","80","38.799999999999955","7.147",
"1102519345","486415808","-882573056","2311.02","39.200000000000045","7.223","405","174","80","39.200000000000045","7.223",
"1102519346","486416256","-882572224","2318.15","39.60000000000002","7.3","388","175","80","39.60000000000002","7.3",
"1102519347","486416704","-882571392","2325.63","39.799999999999955","7.511","449","175","80","39.799999999999955","7.511",
"1102519348","486417120","-882570496","2333.16","40.200000000000045","7.627","371","175","80","40.200000000000045","7.627",
"1102519349","486417568","-882569536","2340.98","40.39999999999998","7.783","401","175","81","40.39999999999998","7.783",
"1102519350","486417952","-882568512","2348.83","40.799999999999955","7.946","379","175","82","40.799999999999955","7.946",
"1102519351","486418304","-882567488","2356.86","41.0","8.187","441","176","83","41.0","8.187",
"1102519352","486418528","-882566400","2365.16","41.0","8.616","473","176","78","41.0","8.616",
"1102519353","486418656","-882565120","2374.0","41.0","9.038","390","176","75","41.0","9.038",
"1102519354","486418656","-882563840","2383.33","41.0","9.462","368","176","75","41.0","9.462",
"1102519355","486418432","-882562496","2392.99","40.799999999999955","9.928","402","176","75","40.799999999999955","9.928",
"1102519356","486417888","-882561344","2403.04","40.799999999999955","10.17","277","176","77","40.799999999999955","10.17",
"1102519357","486416896","-882560704","2413.46","40.799999999999955","10.478","463","176","83","40.799999999999955","10.478",
"1102519358","486415744","-882560512","2424.06","40.799999999999955","10.698","376","176","90","40.799999999999955","10.698",
"1102519359","486414624","-882560704","2434.77","40.799999999999955","10.792","331","176","91","40.799999999999955","10.792",
"1102519360","486413472","-882560960","2445.44","41.0","10.462","309","176","92","41.0","10.462",
"1102519361","486412448","-882561344","2455.7","41.39999999999998","10.197","293","176","91","41.39999999999998","10.197",
"1102519362","486411392","-882561600","2465.64","42.0","9.836","293","177","91","42.0","9.836",
"1102519363","486410336","-882561792","2475.37","42.799999999999955","9.358","304","177","90","42.799999999999955","9.358",
"1102519364","486409376","-882562048","2484.43","43.799999999999955","8.669","302","177","98","43.799999999999955","8.669",
"1102519365","486408512","-882562240","2492.67","44.799999999999955","7.897","334","177","95","44.799999999999955","7.897",
"1102519366","486407712","-882562432","2500.1","45.799999999999955","7.03","383","177","91","45.799999999999955","7.03",
"1102519367","486407008","-882562624","2506.71","47.0","6.216","411","177","96","47.0","6.216",
"1102519368","486406432","-882562752","2512.57","47.799999999999955","5.538","423","177","92","47.799999999999955","5.538",
"1102519369","486405824","-882562944","2517.84","48.60000000000002","5.113","521","177","89","48.60000000000002","5.113",
"1102519370","486405344","-882563136","2522.85","49.39999999999998","4.775","433","177","82","49.39999999999998","4.775",
"1102519371","486404832","-882563136","2527.47","50.0","4.514","415","178","80","50.0","4.514",
"1102519372","486404320","-882563136","2531.9","50.60000000000002","4.335","400","178","77","50.60000000000002","4.335",
"1102519373","486403872","-882563136","2536.2","51.200000000000045","4.411","461","178","74","51.200000000000045","4.411",
"1102519374","486403424","-882563072","2540.67","51.60000000000002","4.479","424","178","73","51.60000000000002","4.479",
"1102519375","486402912","-882562880","2545.17","52.200000000000045","4.571","402","178","73","52.200000000000045","4.571",
"1102519376","486402464","-882562688","2549.86","52.60000000000002","4.714","384","179","71","52.60000000000002","4.714",
"1102519377","486401984","-882562432","2554.59","52.799999999999955","4.919","391","179","72","52.799999999999955","4.919",
"1102519378","486401504","-882562112","2559.63","53.200000000000045","5.123","369","179","72","53.200000000000045","5.123",
"1102519379","486401024","-882561792","2564.96","53.60000000000002","5.406","398","179","73","53.60000000000002","5.406",
"1102519380","486400512","-882561344","2570.44","53.799999999999955","5.655","378","179","74","53.799999999999955","5.655",
"1102519381","486400000","-882560832","2576.18","54.200000000000045","5.855","354","180","74","54.200000000000045","5.855",
"1102519382","486399456","-882560384","2582.21","54.39999999999998","6.075","364","180","76","54.39999999999998","6.075",
"1102519383","486398912","-882559872","2588.37","54.60000000000002","6.327","383","180","78","54.60000000000002","6.327",
"1102519384","486398368","-882559424","2594.8","55.0","6.517","353","180","80","55.0","6.517",
"1102519385","486397792","-882558848","2601.48","55.200000000000045","6.766","408","180","81","55.200000000000045","6.766",
"1102519386","486397184","-882558208","2608.27","55.60000000000002","6.899","338","180","90","55.60000000000002","6.899",
"1102519387","486396544","-882557696","2615.24","55.799999999999955","7.028","354","180","91","55.799999999999955","7.028",
"1102519388","486395968","-882557120","2622.32","56.200000000000045","7.071","310","180","92","56.200000000000045","7.071",
"1102519389","486395328","-882556480","2629.4","56.39999999999998","7.145","351","180","92","56.39999999999998","7.145",
"1102519390","486394688","-882555968","2636.53","56.799999999999955","7.107","296","180","93","56.799999999999955","7.107",
"1102519391","486394048","-882555392","2643.63","57.200000000000045","7.048","312","180","92","57.200000000000045","7.048",
"1102519392","486393408","-882554880","2650.63","57.60000000000002","6.991","344","180","91","57.60000000000002","6.991",
"1102519393","486392736","-882554496","2657.57","58.0","6.868","362","180","93","58.0","6.868",
"1102519394","486392032","-882554112","2664.37","58.60000000000002","6.632","372","180","92","58.60000000000002","6.632",
"1102519395","486391360","-882553920","2670.78","59.39999999999998","6.268","369","180","91","59.39999999999998","6.268",
"1102519396","486390720","-882553856","2676.82","60.0","5.792","348","180","90","60.0","5.792",
"1102519397","486390144","-882553856","2682.33","60.799999999999955","5.293","345","180","93","60.799999999999955","5.293",
"1102519398","486389600","-882553920","2687.41","61.39999999999998","4.851","360","180","91","61.39999999999998","4.851",
"1102519399","486389088","-882553920","2692.09","62.0","4.511","369","180","88","62.0","4.511",
"1102519400","486388640","-882554048","2696.49","62.60000000000002","4.245","365","180","91","62.60000000000002","4.245",
"1102519401","486388192","-882554112","2700.62","63.200000000000045","4.11","384","180","95","63.200000000000045","4.11",
"1102519402","486387712","-882554112","2704.69","63.60000000000002","4.034","370","180","93","63.60000000000002","4.034",
"1102519403","486387328","-882554112","2708.7","64.20000000000005","4.033","367","180","90","64.20000000000005","4.033",
"1102519404","486386848","-882554048","2712.77","64.60000000000002","4.091","359","180","89","64.60000000000002","4.091",
"1102519405","486386464","-882553920","2716.95","65.0","4.286","384","180","88","65.0","4.286",
"1102519406","486385984","-882553792","2721.28","65.20000000000005","4.526","370","180","89","65.20000000000005","4.526",
"1102519407","486385536","-882553472","2726.08","65.60000000000002","4.938","412","180","89","65.60000000000002","4.938",
"1102519408","486385024","-882553024","2731.27","65.79999999999995","5.437","423","180","90","65.79999999999995","5.437",
"1102519409","486384576","-882552576","2736.94","66.0","5.879","375","180","94","66.0","5.879",
"1102519410","486384128","-882551936","2743.05","66.0","6.333","364","180","97","66.0","6.333",
"1102519411","486383616","-882551296","2749.6","66.20000000000005","6.761","338","180","91","66.20000000000005","6.761",
"1102519412","486383168","-882550464","2756.56","66.20000000000005","7.141","291","180","94","66.20000000000005","7.141",
"1102519413","486382720","-882549696","2763.9","66.0","7.543","312","180","96","66.0","7.543",
"1102519414","486382208","-882548736","2771.67","66.0","8.008","343","180","99","66.0","8.008",
"1102519415","486381536","-882548032","2779.91","66.0","8.441","340","180","95","66.0","8.441",
"1102519416","486380672","-882547584","2788.57","65.79999999999995","8.876","374","180","98","65.79999999999995","8.876",
"1102519417","486379712","-882547776","2797.67","65.79999999999995","9.302","389","180","101","65.79999999999995","9.302",
"1102519418","486378752","-882548224","2807.15","65.60000000000002","9.628","314","180","95","65.60000000000002","9.628",
"1102519419","486377856","-882548928","2816.91","65.60000000000002","9.888","329","181","97","65.60000000000002","9.888",
"1102519420","486376928","-882549696","2826.93","65.60000000000002","10.141","351","181","99","65.60000000000002","10.141",
"1102519421","486376032","-882550464","2837.16","65.60000000000002","10.3","312","181","100","65.60000000000002","10.3",
"1102519422","486375168","-882551424","2847.53","65.60000000000002","10.446","330","181","101","65.60000000000002","10.446",
"1102519423","486374336","-882552384","2858.04","65.60000000000002","10.558","307","181","101","65.60000000000002","10.558",
"1102519424","486373600","-882553600","2868.62","65.60000000000002","10.602","253","181","101","65.60000000000002","10.602",
"1102519425","486373152","-882554944","2879.27","65.60000000000002","10.699","278","180","102","65.60000000000002","10.699",
"1102519426","486372992","-882556416","2890.01","65.60000000000002","10.757","279","180","102","65.60000000000002","10.757",
"1102519427","486373056","-882557952","2900.78","65.39999999999998","10.828","296","180","103","65.39999999999998","10.828",
"1102519428","486373344","-882559424","2911.77","65.20000000000005","11.106","269","180","103","65.20000000000005","11.106",
"1102519429","486373856","-882560832","2922.87","65.39999999999998","11.036","325","180","103","65.39999999999998","11.036",
"1102519430","486374400","-882562240","2933.76","66.0","10.745","361","180","104","66.0","10.745",
"1102519431","486374976","-882563520","2944.31","66.60000000000002","10.337","338","179","104","66.60000000000002","10.337",
"1102519432","486375584","-882564672","2954.44","67.39999999999998","9.941","382","180","103","67.39999999999998","9.941",
"1102519433","486376224","-882565760","2964.2","68.0","9.585","394","179","101","68.0","9.585",
"1102519434","486376800","-882566848","2973.59","68.60000000000002","9.203","348","179","99","68.60000000000002","9.203",
"1102519435","486377408","-882567872","2982.6","69.39999999999998","8.813","314","179","98","69.39999999999998","8.813",
"1102519436","486377984","-882568896","2991.26","70.0","8.531","374","179","95","70.0","8.531",
"1102519437","486378528","-882569792","2999.63","70.60000000000002","8.211","330","179","94","70.60000000000002","8.211",
"1102519438","486379040","-882570688","3007.75","71.20000000000005","8.061","448","180","83","71.20000000000005","8.061",
"1102519439","486379520","-882571584","3015.73","71.79999999999995","7.901","415","180","79","71.79999999999995","7.901",
"1102519440","486380064","-882572544","3023.55","72.39999999999998","7.733","407","180","79","72.39999999999998","7.733",
"1102519441","486380576","-882573312","3031.23","73.0","7.651","456","180","79","73.0","7.651",
"1102519442","486381088","-882574272","3038.84","73.39999999999998","7.552","436","180","78","73.39999999999998","7.552",
"1102519443","486381536","-882575040","3046.36","74.0","7.516","475","180","78","74.0","7.516",
"1102519444","486382048","-882575872","3053.8","74.60000000000002","7.357","393","181","78","74.60000000000002","7.357",
"1102519445","486382432","-882576768","3061.08","75.20000000000005","7.205","388","181","77","75.20000000000005","7.205",
"1102519446","486382912","-882577600","3068.22","75.79999999999995","7.079","394","181","77","75.79999999999995","7.079",
"1102519447","486383264","-882578432","3075.29","76.39999999999998","7.065","452","181","76","76.39999999999998","7.065",
"1102519448","486383680","-882579328","3082.31","76.79999999999995","6.957","378","181","76","76.79999999999995","6.957",
"1102519449","486384032","-882580160","3089.22","77.39999999999998","6.869","399","181","76","77.39999999999998","6.869",
"1102519450","486384352","-882581056","3096.06","78.0","6.813","410","181","74","78.0","6.813",
"1102519451","486384640","-882581888","3102.85","78.60000000000002","6.774","412","182","75","78.60000000000002","6.774",
"1102519452","486384864","-882582784","3109.61","79.0","6.739","409","182","75","79.0","6.739",
"1102519453","486385024","-882583680","3116.33","79.60000000000002","6.698","399","182","74","79.60000000000002","6.698",
"1102519454","486385184","-882584704","3123.01","80.20000000000005","6.662","403","182","74","80.20000000000005","6.662",
"1102519455","486385184","-882585600","3129.66","80.60000000000002","6.65","418","182","72","80.60000000000002","6.65",
"1102519456","486385120","-882586560","3136.3","81.20000000000005","6.61","400","182","73","81.20000000000005","6.61",
"1102519457","486385088","-882587456","3142.88","81.79999999999995","6.548","380","182","72","81.79999999999995","6.548",
"1102519458","486384960","-882588352","3149.44","82.20000000000005","6.575","423","182","72","82.20000000000005","6.575",
"1102519459","486384768","-882589248","3156.01","82.79999999999995","6.58","400","183","72","82.79999999999995","6.58",
"1102519460","486384544","-882590144","3162.62","83.20000000000005","6.637","428","183","71","83.20000000000005","6.637",
"1102519461","486384320","-882591104","3169.27","83.79999999999995","6.629","378","183","71","83.79999999999995","6.629",
"1102519462","486384096","-882591872","3175.88","84.20000000000005","6.608","383","183","71","84.20000000000005","6.608",
"1102519463","486383808","-882592832","3182.51","84.79999999999995","6.632","407","183","71","84.79999999999995","6.632",
"1102519464","486383488","-882593600","3189.14","85.20000000000005","6.628","390","183","71","85.20000000000005","6.628",
"1102519465","486383232","-882594560","3195.72","85.79999999999995","6.526","379","183","70","85.79999999999995","6.526",
"1102519466","486382944","-882595392","3202.2","86.20000000000005","6.448","399","183","70","86.20000000000005","6.448",
"1102519467","486382720","-882596160","3208.61","86.79999999999995","6.361","393","183","71","86.79999999999995","6.361",
"1102519468","486382528","-882597120","3214.92","87.20000000000005","6.278","399","183","71","87.20000000000005","6.278",
"1102519469","486382400","-882597888","3221.17","87.79999999999995","6.203","407","183","71","87.79999999999995","6.203",
"1102519470","486382432","-882598848","3227.35","88.39999999999998","6.167","437","183","72","88.39999999999998","6.167",
"1102519471","486382592","-882599616","3233.36","88.79999999999995","5.852","273","183","74","88.79999999999995","5.852",
"1102519472","486382912","-882600384","3239.14","89.20000000000005","5.79","413","183","79","89.20000000000005","5.79",
"1102519473","486383296","-882600896","3244.9","89.60000000000002","5.742","344","183","86","89.60000000000002","5.742",
"1102519474","486383776","-882601472","3250.66","90.0","5.79","341","183","86","90.0","5.79",
"1102519475","486384320","-882601920","3256.49","90.39999999999998","5.867","303","183","85","90.39999999999998","5.867",
"1102519476","486384864","-882602304","3262.44","90.60000000000002","6.033","326","183","85","90.60000000000002","6.033",
"1102519477","486385440","-882602624","3268.56","90.79999999999995","6.221","315","183","85","90.79999999999995","6.221",
"1102519478","486386080","-882603008","3274.89","91.0","6.431","315","183","86","91.0","6.431",
"1102519479","486386720","-882603392","3281.44","91.20000000000005","6.668","325","182","85","91.20000000000005","6.668",
"1102519480","486387360","-882603840","3288.23","91.39999999999998","6.895","319","182","88","91.39999999999998","6.895",
"1102519481","486388032","-882604352","3295.21","91.60000000000002","7.067","288","182","89","91.60000000000002","7.067",
"1102519482","486388640","-882604992","3302.39","91.79999999999995","7.281","325","182","89","91.79999999999995","7.281",
"1102519483","486389216","-882605760","3309.79","92.0","7.514","356","181","91","92.0","7.514",
"1102519484","486389728","-882606528","3317.41","92.20000000000005","7.728","339","181","91","92.20000000000005","7.728",
"1102519485","486390176","-882607488","3325.24","92.39999999999998","7.931","315","181","88","92.39999999999998","7.931",
"1102519486","486390624","-882608448","3333.27","92.39999999999998","8.102","269","181","88","92.39999999999998","8.102",
"1102519487","486391104","-882609408","3341.47","92.60000000000002","8.317","286","181","88","92.60000000000002","8.317",
"1102519488","486391552","-882610496","3349.9","92.60000000000002","8.496","260","181","89","92.60000000000002","8.496",
"1102519489","486392000","-882611456","3358.49","92.60000000000002","8.715","277","181","89","92.60000000000002","8.715",
"1102519490","486392448","-882612544","3367.31","92.60000000000002","8.906","269","181","90","92.60000000000002","8.906",
"1102519491","486392864","-882613760","3376.34","92.60000000000002","9.132","308","181","91","92.60000000000002","9.132",
"1102519492","486393312","-882614912","3385.58","92.60000000000002","9.331","306","180","93","92.60000000000002","9.331",
"1102519493","486393728","-882616128","3394.99","92.79999999999995","9.494","303","180","94","92.79999999999995","9.494",
"1102519494","486394144","-882617408","3404.55","92.79999999999995","9.607","295","180","95","92.79999999999995","9.607",
"1102519495","486394464","-882618688","3414.18","92.79999999999995","9.665","289","180","96","92.79999999999995","9.665",
"1102519496","486394784","-882619968","3423.86","93.0","9.679","302","180","96","93.0","9.679",
"1102519497","486394976","-882621312","3433.51","93.20000000000005","9.62","303","180","97","93.20000000000005","9.62",
"1102519498","486395040","-882622656","3443.08","93.60000000000002","9.475","309","180","97","93.60000000000002","9.475",
"1102519499","486394976","-882623936","3452.45","94.20000000000005","9.267","352","180","96","94.20000000000005","9.267",
"1102519500","486394688","-882625216","3461.55","94.79999999999995","8.923","338","180","96","94.79999999999995","8.923",
"1102519501","486394272","-882626304","3470.26","95.39999999999998","8.492","367","180","93","95.39999999999998","8.492",
"1102519502","486393792","-882627200","3478.53","96.20000000000005","8.047","405","180","93","96.20000000000005","8.047",
"1102519503","486393216","-882628160","3486.33","97.0","7.55","367","180","92","97.0","7.55",
"1102519504","486392640","-882628864","3493.69","97.79999999999995","7.214","477","180","84","97.79999999999995","7.214",
"1102519505","486392096","-882629504","3500.74","98.39999999999998","6.89","448","180","78","98.39999999999998","6.89",
"1102519506","486391488","-882630016","3507.45","99.20000000000005","6.536","408","180","77","99.20000000000005","6.536",
"1102519507","486390944","-882630592","3513.83","99.79999999999995","6.226","414","180","75","99.79999999999995","6.226",
"1102519508","486390464","-882631104","3519.94","100.60000000000002","6.011","443","180","74","100.60000000000002","6.011",
"1102519509","486389920","-882631616","3525.76","101.20000000000005","5.633","340","180","72","101.20000000000005","5.633",
"1102519510","486389408","-882632064","3531.27","101.79999999999995","5.44","411","180","75","101.79999999999995","5.44",
"1102519511","486388960","-882632384","3536.64","102.20000000000005","5.279","395","180","78","102.20000000000005","5.279",
"1102519512","486388448","-882632768","3541.83","102.79999999999995","5.127","386","181","77","102.79999999999995","5.127",
"1102519513","486388000","-882633216","3546.92","103.39999999999998","5.07","421","181","77","103.39999999999998","5.07",
"1102519514","486387552","-882633472","3551.96","103.79999999999995","5.016","406","181","76","103.79999999999995","5.016",
"1102519515","486387040","-882633856","3556.99","104.39999999999998","5.054","448","181","76","104.39999999999998","5.054",
"1102519516","486386592","-882634240","3562.07","104.79999999999995","5.093","441","181","76","104.79999999999995","5.093",
"1102519517","486386080","-882634560","3567.18","105.39999999999998","5.127","438","181","75","105.39999999999998","5.127",
"1102519518","486385600","-882634880","3572.29","106.0","5.093","406","181","76","106.0","5.093",
"1102519519","486385120","-882635200","3577.38","106.39999999999998","5.103","418","181","76","106.39999999999998","5.103",
"1102519520","486384640","-882635584","3582.5","106.79999999999995","5.138","424","181","76","106.79999999999995","5.138",
"1102519521","486384128","-882635840","3587.66","107.39999999999998","5.157","404","182","76","107.39999999999998","5.157",
"1102519522","486383616","-882636224","3592.8","107.79999999999995","5.134","382","182","75","107.79999999999995","5.134",
"1102519523","486383136","-882636480","3597.95","108.20000000000005","5.156","395","182","75","108.20000000000005","5.156",
"1102519524","486382624","-882636800","3603.13","108.79999999999995","5.204","395","182","76","108.79999999999995","5.204",
"1102519525","486382112","-882637120","3608.38","109.20000000000005","5.295","404","182","76","109.20000000000005","5.295",
"1102519526","486381568","-882637440","3613.73","109.60000000000002","5.409","402","182","76","109.60000000000002","5.409",
"1102519527","486381024","-882637760","3619.22","110.0","5.582","405","182","76","110.0","5.582",
"1102519528","486380480","-882638144","3624.88","110.20000000000005","5.735","358","182","77","110.20000000000005","5.735",
"1102519529","486379904","-882638400","3630.73","110.39999999999998","6.007","423","182","77","110.39999999999998","6.007",
"1102519530","486379296","-882638784","3636.91","110.79999999999995","6.358","405","182","78","110.79999999999995","6.358",
"1102519531","486378656","-882639040","3643.43","110.79999999999995","6.656","350","182","74","110.79999999999995","6.656",
"1102519532","486377952","-882639424","3650.23","111.0","6.941","329","182","76","111.0","6.941",
"1102519533","486377216","-882639680","3657.33","111.0","7.263","334","183","84","111.0","7.263",
"1102519534","486376448","-882639936","3664.75","111.20000000000005","7.572","307","182","92","111.20000000000005","7.572",
"1102519535","486375648","-882640256","3672.46","111.20000000000005","7.838","283","182","93","111.20000000000005","7.838",
"1102519536","486374784","-882640448","3680.43","111.20000000000005","8.077","279","182","94","111.20000000000005","8.077",
"1102519537","486373920","-882640576","3688.62","111.20000000000005","8.277","284","182","96","111.20000000000005","8.277",
"1102519538","486373024","-882640704","3696.98","111.39999999999998","8.429","308","182","97","111.39999999999998","8.429",
"1102519539","486372128","-882640704","3705.47","111.60000000000002","8.529","355","181","99","111.60000000000002","8.529",
"1102519540","486371200","-882640576","3713.96","112.0","8.423","314","181","99","112.0","8.423",
"1102519541","486370336","-882640448","3722.24","112.60000000000002","8.113","315","181","92","112.60000000000002","8.113",
"1102519542","486369504","-882640128","3730.13","113.20000000000005","7.635","341","181","91","113.20000000000005","7.635",
"1102519543","486368800","-882639808","3737.46","114.0","7.045","358","181","89","114.0","7.045",
"1102519544","486368096","-882639296","3744.18","115.0","6.389","364","181","87","115.0","6.389",
"1102519545","486367552","-882638976","3750.2","115.79999999999995","5.664","330","181","84","115.79999999999995","5.664",
"1102519546","486367072","-882638528","3755.55","116.60000000000002","5.074","384","180","85","116.60000000000002","5.074",
"1102519547","486366656","-882638144","3760.32","117.39999999999998","4.488","338","180","86","117.39999999999998","4.488",
"1102519548","486366304","-882637760","3764.57","118.0","4.055","377","180","82","118.0","4.055",
"1102519549","486365984","-882637440","3768.49","118.60000000000002","3.8","400","180","79","118.60000000000002","3.8",
"1102519550","486365664","-882637120","3772.25","119.20000000000005","3.727","437","180","77","119.20000000000005","3.727",
"1102519551","486365344","-882636800","3775.92","119.79999999999995","3.6","397","180","75","119.79999999999995","3.6",
"1102519552","486365056","-882636416","3779.51","120.39999999999998","3.596","437","180","74","120.39999999999998","3.596",
"1102519553","486364800","-882636032","3783.13","120.79999999999995","3.644","452","180","72","120.79999999999995","3.644",
"1102519554","486364512","-882635712","3786.79","121.39999999999998","3.629","432","180","72","121.39999999999998","3.629",
"1102519555","486364256","-882635328","3790.42","122.0","3.683","454","180","71","122.0","3.683",
"1102519556","486363968","-882634944","3794.11","122.60000000000002","3.677","422","180","70","122.60000000000002","3.677",
"1102519557","486363680","-882634560","3797.81","123.20000000000005","3.748","459","181","70","123.20000000000005","3.748",
"1102519558","486363424","-882634112","3801.6","123.60000000000002","3.823","453","181","69","123.60000000000002","3.823",
"1102519559","486363136","-882633792","3805.42","124.20000000000005","3.8","415","181","70","124.20000000000005","3.8",
"1102519560","486362880","-882633408","3809.21","124.79999999999995","3.802","412","181","70","124.79999999999995","3.802",
"1102519561","486362592","-882632960","3813.01","125.20000000000005","3.785","392","181","69","125.20000000000005","3.785",
"1102519562","486362336","-882632576","3816.77","125.79999999999995","3.73","358","181","68","125.79999999999995","3.73",
"1102519563","486362048","-882632256","3820.48","126.20000000000005","3.705","352","181","66","126.20000000000005","3.705",
"1102519564","486361792","-882631744","3824.19","126.60000000000002","3.71","343","181","71","126.60000000000002","3.71",
"1102519565","486361504","-882631424","3827.92","127.0","3.762","340","181","70","127.0","3.762",
"1102519566","486361280","-882630976","3831.73","127.39999999999998","3.862","340","181","71","127.39999999999998","3.862",
"1102519567","486361024","-882630592","3835.67","127.79999999999995","4.006","346","181","72","127.79999999999995","4.006",
"1102519568","486360704","-882630144","3839.8","128.0","4.297","417","181","74","128.0","4.297",
"1102519569","486360384","-882629696","3844.27","128.39999999999998","4.609","432","182","72","128.39999999999998","4.609",
"1102519570","486360096","-882629120","3848.98","128.79999999999995","4.815","403","181","74","128.79999999999995","4.815",
"1102519571","486359776","-882628608","3853.87","129.20000000000005","4.953","364","181","75","129.20000000000005","4.953",
"1102519572","486359456","-882627968","3858.92","129.60000000000002","5.133","390","182","70","129.60000000000002","5.133",
"1102519573","486359136","-882627328","3864.12","130.0","5.264","357","182","72","130.0","5.264",
"1102519574","486358880","-882626688","3869.44","130.20000000000005","5.353","319","182","72","130.20000000000005","5.353",
"1102519575","486358592","-882626048","3874.92","130.60000000000002","5.606","394","182","73","130.60000000000002","5.606",
"1102519576","486358272","-882625280","3880.62","130.79999999999995","5.79","338","182","74","130.79999999999995","5.79",
"1102519577","486357952","-882624576","3886.51","131.20000000000005","5.982","339","182","76","131.20000000000005","5.982",
"1102519578","486357632","-882623872","3892.6","131.39999999999998","6.212","347","182","76","131.39999999999998","6.212",
"1102519579","486357280","-882623104","3898.99","131.60000000000002","6.557","387","182","79","131.60000000000002","6.557",
"1102519580","486356960","-882622208","3905.72","131.79999999999995","6.911","388","182","79","131.79999999999995","6.911",
"1102519581","486356608","-882621376","3912.8","131.79999999999995","7.219","362","182","82","131.79999999999995","7.219",
"1102519582","486356224","-882620480","3920.15","132.0","7.479","327","182","84","132.0","7.479",
"1102519583","486355808","-882619456","3927.78","132.20000000000005","7.78","365","182","85","132.20000000000005","7.78",
"1102519584","486355456","-882618496","3935.7","132.20000000000005","8.04","329","182","86","132.20000000000005","8.04",
"1102519585","486355040","-882617472","3943.85","132.39999999999998","8.285","325","182","88","132.39999999999998","8.285",
"1102519586","486354624","-882616384","3952.27","132.39999999999998","8.546","342","182","90","132.39999999999998","8.546",
"1102519587","486354176","-882615296","3960.98","132.60000000000002","8.86","397","181","91","132.60000000000002","8.86",
"1102519588","486353760","-882614208","3969.95","132.60000000000002","9.073","316","181","87","132.60000000000002","9.073",
"1102519589","486353376","-882612992","3979.14","132.60000000000002","9.32","367","181","79","132.60000000000002","9.32",
"1102519590","486352896","-882611840","3988.6","132.60000000000002","9.567","368","181","80","132.60000000000002","9.567",
"1102519591","486352448","-882610560","3998.28","132.79999999999995","9.8","344","181","81","132.79999999999995","9.8",
"1102519592","486352000","-882609280","4008.21","132.79999999999995","10.038","344","181","86","132.79999999999995","10.038",
"1102519593","486351552","-882608000","4018.36","132.79999999999995","10.267","338","181","87","132.79999999999995","10.267",
"1102519594","486351040","-882606720","4028.74","132.79999999999995","10.474","318","180","88","132.79999999999995","10.474",
"1102519595","486350592","-882605376","4039.34","132.60000000000002","10.719","366","180","89","132.60000000000002","10.719",
"1102519596","486350080","-882603904","4050.18","132.60000000000002","10.975","376","180","90","132.60000000000002","10.975",
"1102519597","486349600","-882602560","4061.32","132.60000000000002","11.294","429","180","91","132.60000000000002","11.294",
"1102519598","486349024","-882601088","4072.85","132.39999999999998","11.783","612","180","80","132.39999999999998","11.783",
"1102519599","486348480","-882599552","4084.88","132.20000000000005","12.266","586","180","82","132.20000000000005","12.266",
"1102519600","486347904","-882597888","4097.34","132.0","12.645","459","180","85","132.0","12.645",
"1102519601","486347360","-882596288","4110.2","131.79999999999995","13.092","538","180","82","131.79999999999995","13.092",
"1102519602","486346752","-882594560","4123.49","131.20000000000005","13.449","481","181","83","131.20000000000005","13.449",
"1102519603","486346112","-882592832","4137.13","130.79999999999995","13.842","482","181","79","130.79999999999995","13.842",
"1102519604","486345440","-882591104","4151.2","129.79999999999995","14.317","410","181","80","129.79999999999995","14.317",
"1102519605","486344704","-882589248","4165.83","128.39999999999998","14.971","319","181","81","128.39999999999998","14.971",
"1102519606","486344000","-882587264","4181.14","126.39999999999998","15.665","0","181","81","126.39999999999998","15.665",
"1102519607","486343200","-882585280","4197.25","123.79999999999995","16.566","0","181","81","123.79999999999995","16.566",
"1102519608","486342400","-882583168","4214.21","121.20000000000005","17.364","0","181","0","121.20000000000005","17.364",
"1102519609","486341472","-882580992","4231.88","119.20000000000005","17.818","0","181","0","119.20000000000005","17.818",
"1102519610","486340544","-882578688","4249.78","117.79999999999995","17.945","28","180","75","117.79999999999995","17.945",
"1102519611","486339520","-882576640","4267.76","116.79999999999995","17.836","0","180","0","116.79999999999995","17.836",
"1102519612","486338432","-882574528","4285.43","116.0","17.642","10","180","75","116.0","17.642",
"1102519613","486337344","-882572544","4302.96","115.20000000000005","17.418","0","180","0","115.20000000000005","17.418",
"1102519614","486336192","-882570496","4320.33","114.60000000000002","17.189","0","180","0","114.60000000000002","17.189",
"1102519615","486335104","-882568576","4337.34","114.0","16.97","0","180","0","114.0","16.97",
"1102519616","486334016","-882566720","4354.22","113.39999999999998","16.788","44","179","74","113.39999999999998","16.788",
"1102519617","486332960","-882564864","4370.61","113.0","16.561","45","179","74","113.0","16.561",
"1102519618","486331936","-882562944","4387.33","112.39999999999998","16.329","44","179","70","112.39999999999998","16.329",
"1102519619","486330912","-882561024","4403.55","112.0","16.112","53","178","69","112.0","16.112",
"1102519620","486330048","-882559104","4419.55","111.39999999999998","15.895","43","178","68","111.39999999999998","15.895",
"1102519621","486329248","-882557120","4435.34","111.0","15.688","49","178","67","111.0","15.688",
"1102519622","486328544","-882555136","4450.91","110.60000000000002","15.472","32","177","67","110.60000000000002","15.472",
"1102519623","486328064","-882553152","4466.27","110.20000000000005","15.272","54","177","67","110.20000000000005","15.272",
"1102519624","486327872","-882550912","4481.47","109.60000000000002","15.102","66","176","64","109.60000000000002","15.102",
"1102519625","486328256","-882548864","4496.48","109.20000000000005","14.912","74","175","64","109.20000000000005","14.912",
"1102519626","486328960","-882547008","4511.26","109.20000000000005","14.63","84","175","66","109.20000000000005","14.63",
"1102519627","486329920","-882545472","4525.69","109.0","14.229","43","174","65","109.0","14.229",
"1102519628","486331008","-882544128","4539.72","109.20000000000005","13.84","83","174","70","109.20000000000005","13.84",
"1102519629","486332160","-882542848","4553.35","109.20000000000005","13.429","62","174","79","109.20000000000005","13.429",
"1102519630","486333344","-882541824","4566.56","109.20000000000005","13.03","62","173","77","109.20000000000005","13.03",
"1102519631","486334528","-882540864","4579.41","109.20000000000005","12.656","60","173","76","109.20000000000005","12.656",
"1102519632","486335648","-882539904","4591.9","109.39999999999998","12.321","61","172","74","109.39999999999998","12.321",
"1102519633","486336832","-882539136","4604.05","109.20000000000005","12.027","55","171","73","109.20000000000005","12.027",
"1102519634","486337984","-882538368","4615.96","109.20000000000005","11.781","53","171","71","109.20000000000005","11.781",
"1102519635","486339072","-882537664","4627.64","109.20000000000005","11.585","40","171","69","109.20000000000005","11.585",
"1102519636","486340224","-882536896","4639.16","108.79999999999995","11.479","48","170","69","108.79999999999995","11.479",
"1102519637","486341312","-882536192","4650.64","108.60000000000002","11.492","57","170","68","108.60000000000002","11.492",
"1102519638","486342400","-882535360","4662.2","108.0","11.675","55","169","68","108.0","11.675",
"1102519639","486343520","-882534656","4674.09","107.0","12.072","47","168","68","107.0","12.072",
